Title,Company,Location,Posted Date,Application Deadline,Job URL
Sr. QA Manual Tester (remote),Claritev,United States,1 week ago,N/A,https://www.linkedin.com/jobs/view/sr-qa-manual-tester-remote-at-claritev-4400330019?position=1&pageNum=0&refId=wnNml5fEofvpT3LuIPkr4Q%3D%3D&trackingId=LIHMbYecnpYIvdqFygGKnA%3D%3D
Manual Software Quality Assurance,Trivelta,"Boston, MA",1 week ago,N/A,https://www.linkedin.com/jobs/view/manual-software-quality-assurance-at-trivelta-4362077761?position=2&pageNum=0&refId=wnNml5fEofvpT3LuIPkr4Q%3D%3D&trackingId=Kepffrd4dr6TowUv81yI3g%3D%3D
QA / Test Engineer,Careerswift,"San Francisco, CA",3 days ago,N/A,https://www.linkedin.com/jobs/view/qa-test-engineer-at-careerswift-4420680231?position=3&pageNum=0&refId=wnNml5fEofvpT3LuIPkr4Q%3D%3D&trackingId=PPv2sld7Q2AXb%2BpklN6usg%3D%3D
QA Test Engineer,Kforce Inc,"Boca Raton, FL",4 days ago,N/A,https://www.linkedin.com/jobs/view/qa-test-engineer-at-kforce-inc-4419970996?position=4&pageNum=0&refId=wnNml5fEofvpT3LuIPkr4Q%3D%3D&trackingId=EzJPnNIzETI9ZIJ1ad84BA%3D%3D
Junior QA Test Engineer,Medpace,"Cincinnati, OH",2 weeks ago,N/A,https://www.linkedin.com/jobs/view/junior-qa-test-engineer-at-medpace-4331287287?position=5&pageNum=0&refId=wnNml5fEofvpT3LuIPkr4Q%3D%3D&trackingId=SIutZNZoaUm5bzVbA2rMmg%3D%3D
Quality Assurance Test Engineer,"Delphi-US, LLC - Peacemakers in the Talent War","Augusta, ME",3 days ago,N/A,https://www.linkedin.com/jobs/view/quality-assurance-test-engineer-at-delphi-us-llc-peacemakers-in-the-talent-war-4421798391?position=6&pageNum=0&refId=wnNml5fEofvpT3LuIPkr4Q%3D%3D&trackingId=jeTd35hLVlUh4lzKpDwsuA%3D%3D
Junior QA Engineer,Snoonu,United States,2 weeks ago,N/A,https://www.linkedin.com/jobs/view/junior-qa-engineer-at-snoonu-4405924353?position=7&pageNum=0&refId=wnNml5fEofvpT3LuIPkr4Q%3D%3D&trackingId=eQsI9Vuyz4tajZtBgYMpYQ%3D%3D
SQA Analyst,"Take2 Consulting, LLC",United States,2 weeks ago,N/A,https://www.linkedin.com/jobs/view/sqa-analyst-at-take2-consulting-llc-4413448515?position=8&pageNum=0&refId=wnNml5fEofvpT3LuIPkr4Q%3D%3D&trackingId=FRf9lnwInrjnm3L2%2FWMW8Q%3D%3D
QA/Test Engineer,E-volve Technology Systems,"Reston, VA",1 month ago,N/A,https://www.linkedin.com/jobs/view/qa-test-engineer-at-e-volve-technology-systems-4405857213?position=9&pageNum=0&refId=wnNml5fEofvpT3LuIPkr4Q%3D%3D&trackingId=kp2eg748Rb1IDKUJ8dSciA%3D%3D
Quality Assurance (QA) Product Analyst,Rezilient Health,United States,2 weeks ago,N/A,https://www.linkedin.com/jobs/view/quality-assurance-qa-product-analyst-at-rezilient-health-4415512257?position=10&pageNum=0&refId=wnNml5fEofvpT3LuIPkr4Q%3D%3D&trackingId=ZZ3FSMQ8xryn46T%2Bc5tIFg%3D%3D
SDET/QA Engineer,Curology,"San Diego, CA",4 days ago,N/A,https://www.linkedin.com/jobs/view/sdet-qa-engineer-at-curology-4409943831?position=11&pageNum=0&refId=wnNml5fEofvpT3LuIPkr4Q%3D%3D&trackingId=NJclt4WRp9kiTEGxxkWglw%3D%3D
QA Analyst LATAM,Rapptr Labs,"New York, NY",5 months ago,N/A,https://www.linkedin.com/jobs/view/qa-analyst-latam-at-rapptr-labs-4344297072?position=12&pageNum=0&refId=wnNml5fEofvpT3LuIPkr4Q%3D%3D&trackingId=xWGws0JGq1Xx%2FKuZcym8zg%3D%3D
QA Analyst,DEVNET Incorporated,Nashville Metropolitan Area,7 months ago,N/A,https://www.linkedin.com/jobs/view/qa-analyst-at-devnet-incorporated-4311339726?position=13&pageNum=0&refId=wnNml5fEofvpT3LuIPkr4Q%3D%3D&trackingId=LGmKWxT91nbSLGoIzZM3yA%3D%3D
Software Quality Assurance Engineer,"SWARCO McCain, Inc.","Vista, CA",5 days ago,N/A,https://www.linkedin.com/jobs/view/software-quality-assurance-engineer-at-swarco-mccain-inc-4418539643?position=14&pageNum=0&refId=wnNml5fEofvpT3LuIPkr4Q%3D%3D&trackingId=r0YS8dgoZTKnj7bdz5F9mw%3D%3D
Manual Tester/QA Analyst - US Citizenship Required,Ignite IT,"Ashburn, VA",5 days ago,N/A,https://www.linkedin.com/jobs/view/manual-tester-qa-analyst-us-citizenship-required-at-ignite-it-4419445011?position=15&pageNum=0&refId=wnNml5fEofvpT3LuIPkr4Q%3D%3D&trackingId=ohZi5JkLyK9Zc3u7GmCW%2Fw%3D%3D
"Analyst, Quality Assurance - Receiving",Harry Winston,New York City Metropolitan Area,3 weeks ago,N/A,https://www.linkedin.com/jobs/view/analyst-quality-assurance-receiving-at-harry-winston-4354545110?position=16&pageNum=0&refId=wnNml5fEofvpT3LuIPkr4Q%3D%3D&trackingId=uhl2UTR7BHdFXns9BuGoVA%3D%3D
"QA Analyst III, Saucy by KFC",KFC,"Plano, TX",1 week ago,N/A,https://www.linkedin.com/jobs/view/qa-analyst-iii-saucy-by-kfc-at-kfc-4414039445?position=17&pageNum=0&refId=wnNml5fEofvpT3LuIPkr4Q%3D%3D&trackingId=vbjK8C6zQF2WPDNzH8D60A%3D%3D
Quality Assurance Analyst,Paymentus,"Addison, TX",1 week ago,N/A,https://www.linkedin.com/jobs/view/quality-assurance-analyst-at-paymentus-4365380120?position=18&pageNum=0&refId=wnNml5fEofvpT3LuIPkr4Q%3D%3D&trackingId=SDCKTST1RnYpfKtmSxxPCA%3D%3D
Software QA Engineer Internship,Onto Innovation,"Bloomington, MN",2 weeks ago,N/A,https://www.linkedin.com/jobs/view/software-qa-engineer-internship-at-onto-innovation-4397313968?position=19&pageNum=0&refId=wnNml5fEofvpT3LuIPkr4Q%3D%3D&trackingId=PmgPQr9snMKKW4P88zzybw%3D%3D
QA Test Engineer,Johnson Technology Systems Inc,United States,1 week ago,N/A,https://www.linkedin.com/jobs/view/qa-test-engineer-at-johnson-technology-systems-inc-4418927505?position=20&pageNum=0&refId=wnNml5fEofvpT3LuIPkr4Q%3D%3D&trackingId=FNUOqmRxFV94gV%2BdefW2Og%3D%3D
QA Test Engineer (6 Month Contract Role),CompassX Group,United States,1 week ago,N/A,https://www.linkedin.com/jobs/view/qa-test-engineer-6-month-contract-role-at-compassx-group-4418193808?position=21&pageNum=0&refId=wnNml5fEofvpT3LuIPkr4Q%3D%3D&trackingId=9Iqnquf6IXUY0y1X6LfnSg%3D%3D
Software QA Engineer II,CRIO,United States,1 week ago,N/A,https://www.linkedin.com/jobs/view/software-qa-engineer-ii-at-crio-4417056476?position=22&pageNum=0&refId=wnNml5fEofvpT3LuIPkr4Q%3D%3D&trackingId=xZgI2aQwV%2F3E%2FAdU8ZHDNA%3D%3D
QA Test Engineer,Grid Networks,"Reston, VA",2 weeks ago,N/A,https://www.linkedin.com/jobs/view/qa-test-engineer-at-grid-networks-4411169062?position=23&pageNum=0&refId=wnNml5fEofvpT3LuIPkr4Q%3D%3D&trackingId=d13rLExj5XGWIQgiyl7hGA%3D%3D
Quality Assurance Engineer (Manual),Reply,Greater Chicago Area,1 week ago,N/A,https://www.linkedin.com/jobs/view/quality-assurance-engineer-manual-at-reply-4415717116?position=24&pageNum=0&refId=wnNml5fEofvpT3LuIPkr4Q%3D%3D&trackingId=agsjMQDqWZ7JwPfo6ZZ4pg%3D%3D
Quality Assurance Analyst (N),SimIS Inc.,"Norfolk, VA",8 months ago,N/A,https://www.linkedin.com/jobs/view/quality-assurance-analyst-n-at-simis-inc-4302853112?position=25&pageNum=0&refId=wnNml5fEofvpT3LuIPkr4Q%3D%3D&trackingId=HeeKF6gnb1dLS5zgFTY%2F4A%3D%3D
Senior Software QA,Inceed,"Boulder, CO",5 days ago,N/A,https://www.linkedin.com/jobs/view/senior-software-qa-at-inceed-4418511664?position=26&pageNum=0&refId=wnNml5fEofvpT3LuIPkr4Q%3D%3D&trackingId=9u5P%2FnfKFPy6J1dRLxEARw%3D%3D
DOW - Software Quality Assurance Engineer and Tester,cFocus Software Incorporated,"Alexandria, VA",4 months ago,N/A,https://www.linkedin.com/jobs/view/dow-software-quality-assurance-engineer-and-tester-at-cfocus-software-incorporated-4352951019?position=27&pageNum=0&refId=wnNml5fEofvpT3LuIPkr4Q%3D%3D&trackingId=Y2XRdF8d18Fkupx2um8OxQ%3D%3D
QA Analyst,Impiricus,United States,3 weeks ago,N/A,https://www.linkedin.com/jobs/view/qa-analyst-at-impiricus-4411634973?position=28&pageNum=0&refId=wnNml5fEofvpT3LuIPkr4Q%3D%3D&trackingId=g1P%2F8%2BmWSeHbIF2%2FB%2BaTRA%3D%3D
ID - DHW - Quality Assurance Test Engineer,nLeague,United States,4 months ago,N/A,https://www.linkedin.com/jobs/view/id-dhw-quality-assurance-test-engineer-at-nleague-4358285312?position=29&pageNum=0&refId=wnNml5fEofvpT3LuIPkr4Q%3D%3D&trackingId=%2Bdh37ohlsZIzdp3bGT5C5w%3D%3D
Software Test QA Engineer,Liberty Defense,"Tohatchi, NM",1 week ago,N/A,https://www.linkedin.com/jobs/view/software-test-qa-engineer-at-liberty-defense-4418054804?position=30&pageNum=0&refId=wnNml5fEofvpT3LuIPkr4Q%3D%3D&trackingId=tTQkSsdb%2BQCMISMGxGW5EA%3D%3D
Quality Assurance Analyst,"Agile Resources, Inc.",United States,2 weeks ago,N/A,https://www.linkedin.com/jobs/view/quality-assurance-analyst-at-agile-resources-inc-4414740592?position=31&pageNum=0&refId=wnNml5fEofvpT3LuIPkr4Q%3D%3D&trackingId=%2Ft8ZkmkRdfuM2jWpoNdIfg%3D%3D
QA Analyst,ComboCurve,"Houston, TX",2 weeks ago,N/A,https://www.linkedin.com/jobs/view/qa-analyst-at-combocurve-4415330367?position=32&pageNum=0&refId=wnNml5fEofvpT3LuIPkr4Q%3D%3D&trackingId=dVIxHIgPlICASStL7cnleQ%3D%3D
Quality Assurance Engineer (Manual),Hilton Software,"Coral Springs, FL",3 months ago,N/A,https://www.linkedin.com/jobs/view/quality-assurance-engineer-manual-at-hilton-software-4375005888?position=33&pageNum=0&refId=wnNml5fEofvpT3LuIPkr4Q%3D%3D&trackingId=OVEP2GMoOQfFctVmmwoYHw%3D%3D
Senior Software QA,Inceed,"Boulder, CO",5 days ago,N/A,https://www.linkedin.com/jobs/view/senior-software-qa-at-inceed-4418524193?position=34&pageNum=0&refId=wnNml5fEofvpT3LuIPkr4Q%3D%3D&trackingId=YJYrpoUTxFXvBbfY%2BFi1DA%3D%3D
Quality Assurance Engineer (Manual),Concept Reply US,Greater Chicago Area,1 week ago,N/A,https://www.linkedin.com/jobs/view/quality-assurance-engineer-manual-at-concept-reply-us-4416409155?position=35&pageNum=0&refId=wnNml5fEofvpT3LuIPkr4Q%3D%3D&trackingId=ieqq5nwkt6pvHR%2BV2LweRQ%3D%3D
Software QA Engineer,10Beauty,"Boston, MA",2 weeks ago,N/A,https://www.linkedin.com/jobs/view/software-qa-engineer-at-10beauty-4414988754?position=36&pageNum=0&refId=wnNml5fEofvpT3LuIPkr4Q%3D%3D&trackingId=AWZG5%2FaHi5zv2%2FF6YJ4pfw%3D%3D
Software Engineer with QA Experience - REMOTE,Totem Market Valuations,"Dallas, TX",1 week ago,N/A,https://www.linkedin.com/jobs/view/software-engineer-with-qa-experience-remote-at-totem-market-valuations-4416362147?position=37&pageNum=0&refId=wnNml5fEofvpT3LuIPkr4Q%3D%3D&trackingId=mLOs2zxNSX25nh%2B%2BqJFMVA%3D%3D
Quality Assurance Analyst,Motion Recruitment,"Virginia, United States",2 weeks ago,N/A,https://www.linkedin.com/jobs/view/quality-assurance-analyst-at-motion-recruitment-4414652181?position=38&pageNum=0&refId=wnNml5fEofvpT3LuIPkr4Q%3D%3D&trackingId=hQ9rivkaW4W1Zo%2BVHWMdaA%3D%3D
Quality Assurance Test Engineer,Alrek Business Solutions Inc,"Boise, ID",4 months ago,N/A,https://www.linkedin.com/jobs/view/quality-assurance-test-engineer-at-alrek-business-solutions-inc-4358194783?position=39&pageNum=0&refId=wnNml5fEofvpT3LuIPkr4Q%3D%3D&trackingId=5x%2Bk%2BoHtSs5l3lmu357xsw%3D%3D
Quality Assurance Analyst,1872 Consulting,New York City Metropolitan Area,1 week ago,N/A,https://www.linkedin.com/jobs/view/quality-assurance-analyst-at-1872-consulting-4405451931?position=40&pageNum=0&refId=wnNml5fEofvpT3LuIPkr4Q%3D%3D&trackingId=7zW1Ug3rG%2Fj5oZiduszpsA%3D%3D
Software QA Engineer,Clockwork (acquired by 10Beauty),"Burlington, MA",2 weeks ago,N/A,https://www.linkedin.com/jobs/view/software-qa-engineer-at-clockwork-acquired-by-10beauty-4415018056?position=41&pageNum=0&refId=wnNml5fEofvpT3LuIPkr4Q%3D%3D&trackingId=1JUYdbMgWeowWonSPyJieA%3D%3D
QA Analyst (US-based remote 1099 contractor),Applause,United States,3 weeks ago,N/A,https://www.linkedin.com/jobs/view/qa-analyst-us-based-remote-1099-contractor-at-applause-4411795340?position=42&pageNum=0&refId=wnNml5fEofvpT3LuIPkr4Q%3D%3D&trackingId=Sma4tETjqbvWTSQvLwge4w%3D%3D
Quality Assurance Analyst,TALENT Software Services,"Columbia, SC",3 days ago,N/A,https://www.linkedin.com/jobs/view/quality-assurance-analyst-at-talent-software-services-4417648936?position=43&pageNum=0&refId=wnNml5fEofvpT3LuIPkr4Q%3D%3D&trackingId=NQFbmo6QslGqTLpEayOa8g%3D%3D
Software QA Engineer,Tomorrow.io,"Golden, CO",1 week ago,N/A,https://www.linkedin.com/jobs/view/software-qa-engineer-at-tomorrow-io-4418003607?position=44&pageNum=0&refId=wnNml5fEofvpT3LuIPkr4Q%3D%3D&trackingId=S9zhoNU%2BMIYrb2PVkZcF7A%3D%3D
QA Software Tester,Panasonic Connect North America,"Hoffman Estates, IL",2 months ago,N/A,https://www.linkedin.com/jobs/view/qa-software-tester-at-panasonic-connect-north-america-4373716135?position=45&pageNum=0&refId=wnNml5fEofvpT3LuIPkr4Q%3D%3D&trackingId=MpGAiB4rQwgmCOZPbhaIlw%3D%3D
Quality Assurance Analyst,STOPSO,"Washington, DC",3 weeks ago,N/A,https://www.linkedin.com/jobs/view/quality-assurance-analyst-at-stopso-4413943872?position=46&pageNum=0&refId=wnNml5fEofvpT3LuIPkr4Q%3D%3D&trackingId=svBSnED8TTTOuE4IS%2BHL5w%3D%3D
Quality Assurance Analyst,Aquarius Professional Staffing,Cincinnati Metropolitan Area,3 weeks ago,N/A,https://www.linkedin.com/jobs/view/quality-assurance-analyst-at-aquarius-professional-staffing-4410234311?position=47&pageNum=0&refId=wnNml5fEofvpT3LuIPkr4Q%3D%3D&trackingId=6eHtTkuvZJ0GfHS1v%2BDl1A%3D%3D
"Software QA Engineer, Infotainment, Vehicle Software",Tesla,"Palo Alto, CA",4 days ago,N/A,https://www.linkedin.com/jobs/view/software-qa-engineer-infotainment-vehicle-software-at-tesla-4420218526?position=48&pageNum=0&refId=wnNml5fEofvpT3LuIPkr4Q%3D%3D&trackingId=m11CMqky1xvRnz8CQ1%2B94g%3D%3D
Associate SQA,Light & Wonder,Raleigh-Durham-Chapel Hill Area,2 weeks ago,N/A,https://www.linkedin.com/jobs/view/associate-sqa-at-light-wonder-4414911984?position=49&pageNum=0&refId=wnNml5fEofvpT3LuIPkr4Q%3D%3D&trackingId=NDfSJ1n%2BKY39sNs51%2F2m6w%3D%3D
QA Analyst (Fixed-Term),Panic Button,"Austin, TX",3 days ago,N/A,https://www.linkedin.com/jobs/view/qa-analyst-fixed-term-at-panic-button-4411263063?position=50&pageNum=0&refId=wnNml5fEofvpT3LuIPkr4Q%3D%3D&trackingId=It2NkmNHZ6OKOCBenB9w9Q%3D%3D
Quality Assurance Analyst,Renewed Vision,"Alpharetta, GA",4 months ago,N/A,https://www.linkedin.com/jobs/view/quality-assurance-analyst-at-renewed-vision-4359679224?position=51&pageNum=0&refId=wnNml5fEofvpT3LuIPkr4Q%3D%3D&trackingId=PMCoPPRO3Uqp3t6V007jow%3D%3D
QA Analyst,Appius,"Days Creek, OR",6 days ago,N/A,https://www.linkedin.com/jobs/view/qa-analyst-at-appius-4418207604?position=52&pageNum=0&refId=wnNml5fEofvpT3LuIPkr4Q%3D%3D&trackingId=0TKX3jCUlrZgcfBOsZP2nQ%3D%3D
Quality Assurance Analyst- Digital,Robert Half,"Dallas, TX",2 days ago,N/A,https://www.linkedin.com/jobs/view/quality-assurance-analyst-digital-at-robert-half-4421340611?position=53&pageNum=0&refId=wnNml5fEofvpT3LuIPkr4Q%3D%3D&trackingId=6fH8ODlpmyokDGD1vPfSdQ%3D%3D
QA Analyst (Contractor),Imprint,United States,1 week ago,N/A,https://www.linkedin.com/jobs/view/qa-analyst-contractor-at-imprint-4417018404?position=54&pageNum=0&refId=wnNml5fEofvpT3LuIPkr4Q%3D%3D&trackingId=qxCMx7qdvwwPhtqoY1rxVA%3D%3D
"Software QA Engineer, Supply Chain",Tesla,"Fremont, CA",4 days ago,N/A,https://www.linkedin.com/jobs/view/software-qa-engineer-supply-chain-at-tesla-4420215610?position=55&pageNum=0&refId=wnNml5fEofvpT3LuIPkr4Q%3D%3D&trackingId=w2JkLhbCohOMwKU9o4YCHA%3D%3D
Quality Assurance Analyst,Public Health Solutions,"New York, NY",3 days ago,N/A,https://www.linkedin.com/jobs/view/quality-assurance-analyst-at-public-health-solutions-4422034461?position=56&pageNum=0&refId=wnNml5fEofvpT3LuIPkr4Q%3D%3D&trackingId=B505QHfbvlPXqcp0Mx5cjA%3D%3D
QA Analyst (Contract),Hasbro,"Austin, TX",4 days ago,N/A,https://www.linkedin.com/jobs/view/qa-analyst-contract-at-hasbro-4410944611?position=57&pageNum=0&refId=wnNml5fEofvpT3LuIPkr4Q%3D%3D&trackingId=jEsg5QrkRf11YnclCaG9XA%3D%3D
Quality Assurance Analyst,Advisors Excel,Topeka Metropolitan Area,5 days ago,N/A,https://www.linkedin.com/jobs/view/quality-assurance-analyst-at-advisors-excel-4418524061?position=58&pageNum=0&refId=wnNml5fEofvpT3LuIPkr4Q%3D%3D&trackingId=h9d5kyZ3VgkedtrO8L5zZQ%3D%3D
Quality Assurance Test Engineer,Brooksource,"Atlanta, GA",3 weeks ago,N/A,https://www.linkedin.com/jobs/view/quality-assurance-test-engineer-at-brooksource-4410807299?position=59&pageNum=0&refId=wnNml5fEofvpT3LuIPkr4Q%3D%3D&trackingId=NPn0Z3q50Q5X6exThV4mBQ%3D%3D
,,,,N/A,https://www.linkedin.com/in/zouminya
